{
  "project_info": {
    "project_number": "439853528752",
    "project_id": "trade-hybrid-66c8f",
    "storage_bucket": "trade-hybrid-66c8f.appspot.com"
  },
  "client": [
    {
      "client_info": {
        "mobilesdk_app_id": "1:439853528752:android:d6c27c651d671d1f05ed75",
        "android_client_info": {
          "package_name": "com.example.tradehybrid"
        }
      },
      "oauth_client": [],
      "api_key": [
        {
          "current_key": "AIzaSyCbcLxJhYAVpBQxvmL71sooqP4soZUAX8E"
        }
      ],
      "services": {
        "appinvite_service": {
          "other_platform_oauth_client": []
        }
      }
    },
    {
      "client_info": {
        "mobilesdk_app_id": "1:439853528752:android:575aca1b5bcd06d405ed75",
        "android_client_info": {
          "package_name": "com.troikasoft.trade_hybrid"
        }
      },
      "oauth_client": [],
      "api_key": [
        {
          "current_key": "AIzaSyCbcLxJhYAVpBQxvmL71sooqP4soZUAX8E"
        }
      ],
      "services": {
        "appinvite_service": {
          "other_platform_oauth_client": []
        }
      }
    }
  ],
  "configuration_version": "1"
}