{
    "url": "https://flhnakrhzznqefnkqgbn.supabase.co",
    "anon": "eyJhbGciOiJIUzI1NiIsInR5cCI6IkpXVCJ9.eyJpc3MiOiJzdXBhYmFzZSIsInJlZiI6ImZsaG5ha3JoenpucWVmbmtxZ2JuIiwicm9sZSI6InNlcnZpY2Vfcm9sZSIsImlhdCI6MTcyMTQyODUxNSwiZXhwIjoyMDM3MDA0NTE1fQ.kaXXi-vraTK2QhVIMNVBADSa1uQ1hzW-MTPrRs_C-eE",
    "tables": [
        {
            "name": "members",
            "properties": [
                {
                    "name": "id",
                    "type": "integer",
                    "required": true,
                    "format": "bigint",
                    "description": "Note:\nThis is a Primary Key.<pk/>"
                },
                {
                    "name": "created_at",
                    "type": "string",
                    "required": true,
                    "format": "timestamp with time zone",
                    "description": "Note:\nThis is a Primary Key.<pk/>"
                },
                {
                    "name": "first_name",
                    "type": "string",
                    "required": true,
                    "format": "text",
                    "description": "Note:\nThis is a Primary Key.<pk/>"
                },
                {
                    "name": "last_name",
                    "type": "string",
                    "required": true,
                    "format": "text",
                    "description": "Note:\nThis is a Primary Key.<pk/>"
                },
                {
                    "name": "email",
                    "type": "string",
                    "required": true,
                    "format": "text",
                    "description": "Note:\nThis is a Primary Key.<pk/>"
                },
                {
                    "name": "phone",
                    "type": "string",
                    "required": true,
                    "format": "text",
                    "description": "Note:\nThis is a Primary Key.<pk/>"
                },
                {
                    "name": "password",
                    "type": "string",
                    "required": true,
                    "format": "text",
                    "description": "Note:\nThis is a Primary Key.<pk/>"
                }
            ]
        }
    ]
}